<?xml version="1.0" encoding="UTF-8"?><?xml-stylesheet type='text/xsl' href='_UpgradeReport_Files/UpgradeReport.xslt'?><UpgradeLog>
<Properties><Property Name="Solution" Value="ArdOscil">
</Property><Property Name="Solution File" Value="D:\vist\zGoogleDrive\ProgrArduino\ArdOscil+\ArdOscil.sln">
</Property><Property Name="Date" Value="2 січня 2018 р.">
</Property><Property Name="Time" Value="3:18">
</Property></Properties><Event ErrorLevel="0" Project="ArdOscil" Source="ArdOscil\ArdOscil.vcproj" Description="Converting project file 'D:\vist\zGoogleDrive\ProgrArduino\ArdOscil+\ArdOscil\ArdOscil.vcproj'.">
</Event><Event ErrorLevel="1" Project="ArdOscil" Source="ArdOscil\ArdOscil.vcproj" Description="VCWebServiceProxyGeneratorTool is no longer supported. The tool has been removed from your project settings.">
</Event><Event ErrorLevel="0" Project="ArdOscil" Source="ArdOscil\ArdOscil.vcproj" Description="Done converting to new project file 'D:\vist\zGoogleDrive\ProgrArduino\ArdOscil+\ArdOscil\ArdOscil.vcxproj'.">
</Event><Event ErrorLevel="3" Project="ArdOscil" Source="ArdOscil\ArdOscil.vcproj" Description="Converted">
</Event><Event ErrorLevel="0" Project="" Source="ArdOscil.sln" Description="Solution converted successfully">
</Event><Event ErrorLevel="3" Project="" Source="ArdOscil.sln" Description="Converted">
</Event></UpgradeLog>